{"v":"5.4.2","fr":60,"ip":0,"op":60,"w":360,"h":390,"nm":"Hand 2","ddd":0,"assets":[{"id":"image_0","w":210,"h":250,"u":"images/","p":"img_0.png","e":0}],"layers":[{"ddd":0,"ind":1,"ty":2,"nm":"Hand","refId":"image_0","sr":1,"ks":{"o":{"a":1,"k":[{"i":{"x":[0.833],"y":[0.833]},"o":{"x":[0.167],"y":[0.167]},"n":["0p833_0p833_0p167_0p167"],"t":0,"s":[0],"e":[100]},{"i":{"x":[0.833],"y":[0.833]},"o":{"x":[0.167],"y":[0.167]},"n":["0p833_0p833_0p167_0p167"],"t":6,"s":[100],"e":[100]},{"i":{"x":[0.833],"y":[0.833]},"o":{"x":[0.167],"y":[0.167]},"n":["0p833_0p833_0p167_0p167"],"t":51,"s":[100],"e":[0]},{"t":59}],"ix":11},"r":{"a":1,"k":[{"i":{"x":[0.52],"y":[0.958]},"o":{"x":[0.48],"y":[0.042]},"n":["0p52_0p958_0p48_0p042"],"t":9,"s":[0],"e":[-3]},{"i":{"x":[0.833],"y":[0.833]},"o":{"x":[0.167],"y":[0.167]},"n":["0p833_0p833_0p167_0p167"],"t":30,"s":[-3],"e":[-3]},{"i":{"x":[0.52],"y":[0.962]},"o":{"x":[0.48],"y":[0.038]},"n":["0p52_0p962_0p48_0p038"],"t":40,"s":[-3],"e":[0]},{"t":59}],"ix":10},"p":{"a":0,"k":[299.5,334.5,0],"ix":2},"a":{"a":0,"k":[169.667,213,0],"ix":1},"s":{"a":1,"k":[{"i":{"x":[0.833,0.833,0.833],"y":[0.833,0.833,0.833]},"o":{"x":[0.167,0.167,0.167],"y":[0.167,0.167,0.167]},"n":["0p833_0p833_0p167_0p167","0p833_0p833_0p167_0p167","0p833_0p833_0p167_0p167"],"t":0,"s":[150,150,100],"e":[150,150,100]},{"i":{"x":[0.52,0.52,0.52],"y":[0.979,0.979,1]},"o":{"x":[0.48,0.48,0.48],"y":[0.021,0.021,0]},"n":["0p52_0p979_0p48_0p021","0p52_0p979_0p48_0p021","0p52_1_0p48_0"],"t":9,"s":[150,150,100],"e":[156,130,100]},{"i":{"x":[0.833,0.833,0.833],"y":[0.833,0.833,0.833]},"o":{"x":[0.167,0.167,0.167],"y":[0.167,0.167,0.167]},"n":["0p833_0p833_0p167_0p167","0p833_0p833_0p167_0p167","0p833_0p833_0p167_0p167"],"t":30,"s":[156,130,100],"e":[156,130,100]},{"i":{"x":[0.52,0.52,0.52],"y":[0.981,0.981,1]},"o":{"x":[0.48,0.48,0.48],"y":[0.019,0.019,0]},"n":["0p52_0p981_0p48_0p019","0p52_0p981_0p48_0p019","0p52_1_0p48_0"],"t":40,"s":[156,130,100],"e":[150,150,100]},{"t":59}],"ix":6}},"ao":0,"ip":0,"op":300,"st":0,"bm":0},{"ddd":0,"ind":2,"ty":4,"nm":"Point","sr":1,"ks":{"o":{"a":1,"k":[{"i":{"x":[0.833],"y":[0.833]},"o":{"x":[0.167],"y":[0.167]},"n":["0p833_0p833_0p167_0p167"],"t":0,"s":[0],"e":[10]},{"i":{"x":[0.833],"y":[0.833]},"o":{"x":[0.167],"y":[0.167]},"n":["0p833_0p833_0p167_0p167"],"t":6,"s":[10],"e":[10]},{"i":{"x":[0.833],"y":[0.833]},"o":{"x":[0.167],"y":[0.167]},"n":["0p833_0p833_0p167_0p167"],"t":51,"s":[10],"e":[0]},{"t":59}],"ix":11},"r":{"a":0,"k":0,"ix":10},"p":{"a":0,"k":[91,115,0],"ix":2},"a":{"a":0,"k":[0,0,0],"ix":1},"s":{"a":1,"k":[{"i":{"x":[0.999,0.999,0.999],"y":[1,1,1]},"o":{"x":[0.666,0.666,0.545],"y":[-0.254,-0.254,31.747]},"n":["0p999_1_0p666_-0p254","0p999_1_0p666_-0p254","0p999_1_0p545_31p747"],"t":0,"s":[0,0,100],"e":[0,0,100]},{"i":{"x":[0.58,0.58,0.58],"y":[1,1,1]},"o":{"x":[0.42,0.42,0.42],"y":[0,0,0]},"n":["0p58_1_0p42_0","0p58_1_0p42_0","0p58_1_0p42_0"],"t":20,"s":[0,0,100],"e":[150,150,100]},{"i":{"x":[0.58,0.58,0.58],"y":[1,1,1]},"o":{"x":[0.42,0.42,0.42],"y":[0,0,0]},"n":["0p58_1_0p42_0","0p58_1_0p42_0","0p58_1_0p42_0"],"t":30,"s":[150,150,100],"e":[150,150,100]},{"i":{"x":[0.58,0.58,0.58],"y":[1,1,1]},"o":{"x":[0.42,0.42,0.42],"y":[0,0,0]},"n":["0p58_1_0p42_0","0p58_1_0p42_0","0p58_1_0p42_0"],"t":40,"s":[150,150,100],"e":[0,0,100]},{"t":59}],"ix":6}},"ao":0,"shapes":[{"ty":"gr","it":[{"d":1,"ty":"el","s":{"a":0,"k":[32,32],"ix":2},"p":{"a":0,"k":[0,0],"ix":3},"nm":"Ellipse Path 1","mn":"ADBE Vector Shape - Ellipse","hd":false},{"ty":"fl","c":{"a":0,"k":[0,0,0,1],"ix":4},"o":{"a":0,"k":100,"ix":5},"r":1,"nm":"Fill 1","mn":"ADBE Vector Graphic - Fill","hd":false},{"ty":"tr","p":{"a":0,"k":[0,0],"ix":2},"a":{"a":0,"k":[0,0],"ix":1},"s":{"a":0,"k":[300,300],"ix":3},"r":{"a":0,"k":0,"ix":6},"o":{"a":0,"k":100,"ix":7},"sk":{"a":0,"k":0,"ix":4},"sa":{"a":0,"k":0,"ix":5},"nm":"Transform"}],"nm":"Ellipse 1","np":2,"cix":2,"ix":1,"mn":"ADBE Vector Group","hd":false}],"ip":0,"op":300,"st":0,"bm":0}],"markers":[]}